question_id,statement,model_name,option_id,predicted_label,ground_truth,option_is_correct,initial_verification_status,final_verification_status,repair_iteration_count,repair_success,initial_error_messages,initial_lean_code,repaired_lean_code,final_verified_code,artifact_file,selected_for_appendix,selection_note,model_display,example_group
3,"For good reason : In the U.S. , and for much of the world , the most dangerous environmental pollutants have been cleaned up . U.S. emissions of particulates , metals and varied gases—all of these : ozone , lead , carbon monoxide , oxides of nitrogen and sulfur—fell almost 70 % between 1970 and 2014 .",anthropic/claude-sonnet-4.5,option_1,faulty generalization,ad hominem,False,fail,pass,1,yes,"temp_verify/tmp3t2bqjs5.lean:43:7: error(lean.unknownIdentifier): Unknown identifier `us_emissions_data`
temp_verify/tmp3t2bqjs5.lean:43:25: error(lean.unknownIdentifier): Unknown identifier `world_pollution_claim`
temp_verify/tmp3t2bqjs5.lean:43:47: error(lean.unknownIdentifier): Unknown identifier `specific_timeframe`
temp_verify/tmp3t2bqjs5.lean:43:66: error(lean.unknownIdentifier): Unknown identifier `limited_evidence`","/-
  General template for Faulty Generalization
  Rule Concept: A conclusion is drawn about all or many instances of a phenomenon
  on the basis of one or a few instances of that phenomenon. The text claims that
  ""for much of the world"" the most dangerous environmental pollutants have been
  cleaned up, but only provides evidence from the U.S. between 1970 and 2014.
-/

-- Entity Domain
variable {Entity : Type}

-- Key Entities from the text
variable (us_emissions_data : Entity)
variable (world_pollution_claim : Entity)
variable (specific_timeframe : Entity)
variable (limited_evidence : Entity)

-- Semantic Relations (Predicates)
variable (is_evidence_for : Entity → Entity → Prop)
variable (is_limited_to : Entity → Entity → Prop)
variable (generalizes_to : Entity → Entity → Prop)
variable (is_insufficient : Entity → Prop)

-- Goal Proposition
variable (is_faulty_generalization : Prop)

-- Fact Mapping from Context
axiom fact1 : is_limited_to us_emissions_data specific_timeframe
axiom fact2 : generalizes_to us_emissions_data world_pollution_claim
axiom fact3 : is_evidence_for us_emissions_data world_pollution_claim
axiom fact4 : is_insufficient limited_evidence

-- Rule: If evidence is limited to a specific scope, generalizes to a broader claim,
-- serves as evidence for that broader claim, and is insufficient, then it's a faulty generalization
theorem prove_faulty_generalization
  (rule : ∀ evidence claim scope limited,
    (is_limited_to evidence scope ∧ 
     generalizes_to evidence claim ∧ 
     is_evidence_for evidence claim ∧ 
     is_insufficient limited) → 
    is_faulty_generalization)
  : is_faulty_generalization :=
  rule us_emissions_data world_pollution_claim specific_timeframe limited_evidence 
    ⟨fact1, fact2, fact3, fact4⟩","/-
  General template for Faulty Generalization
  Rule Concept: A conclusion is drawn about all or many instances of a phenomenon
  on the basis of one or a few instances of that phenomenon. The text claims that
  ""for much of the world"" the most dangerous environmental pollutants have been
  cleaned up, but only provides evidence from the U.S. between 1970 and 2014.
-/

-- Entity Domain
variable {Entity : Type}

-- Key Entities from the text
variable (us_emissions_data : Entity)
variable (world_pollution_claim : Entity)
variable (specific_timeframe : Entity)
variable (limited_evidence : Entity)

-- Semantic Relations (Predicates)
variable (is_evidence_for : Entity → Entity → Prop)
variable (is_limited_to : Entity → Entity → Prop)
variable (generalizes_to : Entity → Entity → Prop)
variable (is_insufficient : Entity → Prop)

-- Goal Proposition
variable (is_faulty_generalization : Prop)

-- Rule: If evidence is limited to a specific scope, generalizes to a broader claim,
-- serves as evidence for that broader claim, and is insufficient, then it's a faulty generalization
theorem prove_faulty_generalization
  (rule : ∀ evidence claim scope limited,
    (is_limited_to evidence scope ∧ 
     generalizes_to evidence claim ∧ 
     is_evidence_for evidence claim ∧ 
     is_insufficient limited) → 
    is_faulty_generalization)
  (fact1 : is_limited_to us_emissions_data specific_timeframe)
  (fact2 : generalizes_to us_emissions_data world_pollution_claim)
  (fact3 : is_evidence_for us_emissions_data world_pollution_claim)
  (fact4 : is_insufficient limited_evidence)
  : is_faulty_generalization :=
  rule us_emissions_data world_pollution_claim specific_timeframe limited_evidence 
    ⟨fact1, fact2, fact3, fact4⟩","/-
  General template for Faulty Generalization
  Rule Concept: A conclusion is drawn about all or many instances of a phenomenon
  on the basis of one or a few instances of that phenomenon. The text claims that
  ""for much of the world"" the most dangerous environmental pollutants have been
  cleaned up, but only provides evidence from the U.S. between 1970 and 2014.
-/

-- Entity Domain
variable {Entity : Type}

-- Key Entities from the text
variable (us_emissions_data : Entity)
variable (world_pollution_claim : Entity)
variable (specific_timeframe : Entity)
variable (limited_evidence : Entity)

-- Semantic Relations (Predicates)
variable (is_evidence_for : Entity → Entity → Prop)
variable (is_limited_to : Entity → Entity → Prop)
variable (generalizes_to : Entity → Entity → Prop)
variable (is_insufficient : Entity → Prop)

-- Goal Proposition
variable (is_faulty_generalization : Prop)

-- Rule: If evidence is limited to a specific scope, generalizes to a broader claim,
-- serves as evidence for that broader claim, and is insufficient, then it's a faulty generalization
theorem prove_faulty_generalization
  (rule : ∀ evidence claim scope limited,
    (is_limited_to evidence scope ∧ 
     generalizes_to evidence claim ∧ 
     is_evidence_for evidence claim ∧ 
     is_insufficient limited) → 
    is_faulty_generalization)
  (fact1 : is_limited_to us_emissions_data specific_timeframe)
  (fact2 : generalizes_to us_emissions_data world_pollution_claim)
  (fact3 : is_evidence_for us_emissions_data world_pollution_claim)
  (fact4 : is_insufficient limited_evidence)
  : is_faulty_generalization :=
  rule us_emissions_data world_pollution_claim specific_timeframe limited_evidence 
    ⟨fact1, fact2, fact3, fact4⟩",,no,included because option_is_correct=false but final_verification_status=pass,Claude-sonnet-4.5 (T),success_example
2,"Unfortunately for the doom-mongers , we sceptics have just received some heavy fire-support from a neutral authority .",deepseek/deepseek-chat-v3.1,option_2,ad hominem,ad hominem,True,fail,pass,1,yes,"temp_verify/tmp8qxo44dg.lean:28:7: error(lean.unknownIdentifier): Unknown identifier `doom_mongers`
temp_verify/tmp8qxo44dg.lean:28:20: error(lean.unknownIdentifier): Unknown identifier `sceptics`
temp_verify/tmp8qxo44dg.lean:28:30: error(lean.unknownIdentifier): Unknown identifier `fact1`
temp_verify/tmp8qxo44dg.lean:28:37: error(lean.unknownIdentifier): Unknown identifier `fact2`","/-
  Rule Concept: instead of addressing someone's argument or position, you irrelevantly attack the person or some aspect of the person who is making the argument.
-/

-- Entity Domain
variable {Entity : Type}

-- Key Entities from the text
variable (doom_mongers : Entity)
variable (sceptics : Entity)

-- Semantic Relations (Predicates)
variable (attacks_character : Entity → Entity → Prop)
variable (avoids_argument : Entity → Prop)

-- Goal Proposition
variable (is_ad_hominem : Prop)

-- Fact Mapping from Context
variable (fact1 : attacks_character doom_mongers sceptics)
variable (fact2 : avoids_argument doom_mongers)

-- Rule: If someone attacks the character/person instead of addressing the argument ⇒ ad hominem
theorem prove_ad_hominem
  (rule : ∀ attacker target,
    (attacks_character attacker target ∧ avoids_argument attacker) → is_ad_hominem)
  : is_ad_hominem :=
  rule doom_mongers sceptics ⟨fact1, fact2⟩","/-
  Rule Concept: instead of addressing someone's argument or position, you irrelevantly attack the person or some aspect of the person who is making the argument.
-/

-- Entity Domain
variable {Entity : Type}

-- Key Entities from the text
variable (doom_mongers : Entity)
variable (sceptics : Entity)

-- Semantic Relations (Predicates)
variable (attacks_character : Entity → Entity → Prop)
variable (avoids_argument : Entity → Prop)

-- Goal Proposition
variable (is_ad_hominem : Prop)

-- Rule: If someone attacks the character/person instead of addressing the argument ⇒ ad hominem
theorem prove_ad_hominem
  (rule : ∀ attacker target,
    (attacks_character attacker target ∧ avoids_argument attacker) → is_ad_hominem)
  (fact1 : attacks_character doom_mongers sceptics)
  (fact2 : avoids_argument doom_mongers)
  : is_ad_hominem :=
  rule doom_mongers sceptics ⟨fact1, fact2⟩","/-
  Rule Concept: instead of addressing someone's argument or position, you irrelevantly attack the person or some aspect of the person who is making the argument.
-/

-- Entity Domain
variable {Entity : Type}

-- Key Entities from the text
variable (doom_mongers : Entity)
variable (sceptics : Entity)

-- Semantic Relations (Predicates)
variable (attacks_character : Entity → Entity → Prop)
variable (avoids_argument : Entity → Prop)

-- Goal Proposition
variable (is_ad_hominem : Prop)

-- Rule: If someone attacks the character/person instead of addressing the argument ⇒ ad hominem
theorem prove_ad_hominem
  (rule : ∀ attacker target,
    (attacks_character attacker target ∧ avoids_argument attacker) → is_ad_hominem)
  (fact1 : attacks_character doom_mongers sceptics)
  (fact2 : avoids_argument doom_mongers)
  : is_ad_hominem :=
  rule doom_mongers sceptics ⟨fact1, fact2⟩",,no,one example retained for this model,Deepseek-chat-v3.1 (T),success_example
5,You can say this for bleeding-heart liberals : They certainly have a flair for the ironic .,deepseek/deepseek-r1,option_1,ad hominem,ad hominem,True,fail,pass,1,yes,"unexpected identifier; expected command
unexpected token ','; expected ':'","Looking at this task, I need to:

1. Identify what predicates are needed for ad hominem fallacy
2. Map the facts that would establish ad hominem
3. Create the theorem that proves the fallacy

For ad hominem, the key characteristics are:
- Attacking the person rather than their claim
- Not addressing the actual argument/topic
- Using personal characteristics to discredit

Here's the complete Lean4 code:


/-
  Rule Concept: Ad hominem occurs when an argument attacks the person making a claim rather than addressing the claim itself.
-/

-- Entity Domain
variable {Entity : Type}

-- Key Entities from the text
variable (argument : Entity)
variable (topic : Entity)
variable (person : Entity)

-- Semantic Relations (Predicates)
variable (attacks_person : Entity → Entity → Prop) -- argument attacks a person
variable (addresses_claim : Entity → Entity → Prop) -- argument addresses the actual claim/topic
variable (makes_claim : Entity → Entity → Prop) -- person makes a claim about topic

-- Goal Proposition
variable (is_ad_hominem : Prop)

-- Fact Mapping from Context
variable (fact1 : makes_claim person topic)
variable (fact2 : attacks_person argument person)
variable (fact3 : ¬addresses_claim argument topic)

-- Rule: If an argument attacks the person making a claim AND does not address the claim itself ⇒ ad hominem
theorem prove_ad_hominem
  (rule : ∀ arg t p,
    (makes_claim p t ∧ attacks_person arg p ∧ ¬addresses_claim arg t) → is_ad_hominem)
  : is_ad_hominem :=
  rule argument topic person ⟨fact1, fact2, fact3⟩","/-
  Rule Concept: Ad hominem occurs when an argument attacks the person making a claim rather than addressing the claim itself.
-/

-- Entity Domain
variable {Entity : Type}

-- Key Entities from the text
variable (argument : Entity)
variable (topic : Entity)
variable (person : Entity)

-- Semantic Relations (Predicates)
variable (attacks_person : Entity → Entity → Prop) -- argument attacks a person
variable (addresses_claim : Entity → Entity → Prop) -- argument addresses the actual claim/topic
variable (makes_claim : Entity → Entity → Prop) -- person makes a claim about topic

-- Goal Proposition
variable (is_ad_hominem : Prop)

-- Rule: If an argument attacks the person making a claim AND does not address the claim itself ⇒ ad hominem
theorem prove_ad_hominem
  (rule : ∀ arg t p,
    (makes_claim p t ∧ attacks_person arg p ∧ ¬addresses_claim arg t) → is_ad_hominem)
  (fact1 : makes_claim person topic)
  (fact2 : attacks_person argument person)
  (fact3 : ¬addresses_claim argument topic)
  : is_ad_hominem :=
  rule argument topic person ⟨fact1, fact2, fact3⟩","/-
  Rule Concept: Ad hominem occurs when an argument attacks the person making a claim rather than addressing the claim itself.
-/

-- Entity Domain
variable {Entity : Type}

-- Key Entities from the text
variable (argument : Entity)
variable (topic : Entity)
variable (person : Entity)

-- Semantic Relations (Predicates)
variable (attacks_person : Entity → Entity → Prop) -- argument attacks a person
variable (addresses_claim : Entity → Entity → Prop) -- argument addresses the actual claim/topic
variable (makes_claim : Entity → Entity → Prop) -- person makes a claim about topic

-- Goal Proposition
variable (is_ad_hominem : Prop)

-- Rule: If an argument attacks the person making a claim AND does not address the claim itself ⇒ ad hominem
theorem prove_ad_hominem
  (rule : ∀ arg t p,
    (makes_claim p t ∧ attacks_person arg p ∧ ¬addresses_claim arg t) → is_ad_hominem)
  (fact1 : makes_claim person topic)
  (fact2 : attacks_person argument person)
  (fact3 : ¬addresses_claim argument topic)
  : is_ad_hominem :=
  rule argument topic person ⟨fact1, fact2, fact3⟩",,no,one example retained for this model,Deepseek-r1 (T),success_example
6,"Sounding more like an Old Testament doomsayer than a president , Obama warned in his Alaska speech that unless carbon fuels are restricted , “ we will condemn our children to a planet beyond their capacity to repair : Submerged countries .",gemini-2.5-pro,option_3,ad hominem,ad hominem,True,fail,pass,1,yes,"unexpected identifier; expected command
unexpected token; expected ':'
unexpected identifier; expected '(', '[', '{' or '⦃'
unexpected identifier; expected '(', '[', '{' or '⦃'
Function expected at
Function expected at
Function expected at
Function expected at
Invalid `⟨...⟩` notation: The expected type `Prop` is not an inductive type","Looking at the provided setup, I need to create a theorem that proves `is_ad_hominem` using the given facts and the rule `h`.


/-
  Rule Concept: An ad hominem fallacy occurs when an argument attacks the person making a claim, or some irrelevant attribute of the person, rather than addressing the substance of the claim itself.
-/

-- Entity Domain
variable {Entity : Type}

-- Key Entities from the text
variable (argument : Entity) -- Obama's warning about climate change
variable (speaker : Entity) -- President Obama
variable (speaker_style : Entity) -- The manner or tone of the speaker

-- Semantic Relations (Predicates)
variable AttacksAttribute : Entity → Entity → Prop -- The text attacks an attribute of the speaker.
variable IsIrrelevantToArgumentSubstance : Entity → Entity → Prop -- The attribute being attacked has no bearing on the validity of the argument.

-- Goal Proposition
variable (is_ad_hominem : Prop)

-- Fact Mapping from Context
axiom fact1 : AttacksAttribute speaker_style speaker -- The text attacks the speaker's style by stating he sounds ""more like an Old Testament doomsayer than a president"".
axiom fact2 : IsIrrelevantToArgumentSubstance speaker_style argument -- The tone or style in which a warning is delivered is irrelevant to the factual basis or logical validity of the warning itself.
axiom h : (AttacksAttribute speaker_style speaker ∧ IsIrrelevantToArgumentSubstance speaker_style argument) → is_ad_hominem -- Attacking an irrelevant personal attribute instead of the argument is an ad hominem fallacy.

-- Theorem: Prove that this is an ad hominem fallacy
theorem prove_ad_hominem : is_ad_hominem :=
  h ⟨fact1, fact2⟩","/-
  Rule Concept: An ad hominem fallacy occurs when an argument attacks the person making a claim, or some irrelevant attribute of the person, rather than addressing the substance of the claim itself.
-/

-- Entity Domain
variable {Entity : Type}

-- Key Entities from the text
variable (argument : Entity) -- Obama's warning about climate change
variable (speaker : Entity) -- President Obama
variable (speaker_style : Entity) -- The manner or tone of the speaker

-- Semantic Relations (Predicates)
variable (attacks_attribute : Entity → Entity → Prop) -- The text attacks an attribute of the speaker.
variable (is_irrelevant_to_argument_substance : Entity → Entity → Prop) -- The attribute being attacked has no bearing on the validity of the argument.

-- Goal Proposition
variable (is_ad_hominem : Prop)

-- Theorem: Prove that this is an ad hominem fallacy
theorem prove_ad_hominem
  (h : ∀ style spkr arg,
    (attacks_attribute style spkr ∧ is_irrelevant_to_argument_substance style arg) → is_ad_hominem)
  (fact1 : attacks_attribute speaker_style speaker)
  (fact2 : is_irrelevant_to_argument_substance speaker_style argument)
  : is_ad_hominem :=
  h speaker_style speaker argument ⟨fact1, fact2⟩","/-
  Rule Concept: An ad hominem fallacy occurs when an argument attacks the person making a claim, or some irrelevant attribute of the person, rather than addressing the substance of the claim itself.
-/

-- Entity Domain
variable {Entity : Type}

-- Key Entities from the text
variable (argument : Entity) -- Obama's warning about climate change
variable (speaker : Entity) -- President Obama
variable (speaker_style : Entity) -- The manner or tone of the speaker

-- Semantic Relations (Predicates)
variable (attacks_attribute : Entity → Entity → Prop) -- The text attacks an attribute of the speaker.
variable (is_irrelevant_to_argument_substance : Entity → Entity → Prop) -- The attribute being attacked has no bearing on the validity of the argument.

-- Goal Proposition
variable (is_ad_hominem : Prop)

-- Theorem: Prove that this is an ad hominem fallacy
theorem prove_ad_hominem
  (h : ∀ style spkr arg,
    (attacks_attribute style spkr ∧ is_irrelevant_to_argument_substance style arg) → is_ad_hominem)
  (fact1 : attacks_attribute speaker_style speaker)
  (fact2 : is_irrelevant_to_argument_substance speaker_style argument)
  : is_ad_hominem :=
  h speaker_style speaker argument ⟨fact1, fact2⟩",,no,one example retained for this model,Gemini 2.5 pro (T),success_example
2,"Unfortunately for the doom-mongers , we sceptics have just received some heavy fire-support from a neutral authority .",gemini-flash-non,option_1,ad hominem,ad hominem,True,fail,pass,1,yes,unexpected identifier; expected command,"/-
  General template for Ad Hominem
  Rule Concept: Instead of addressing someone's argument or position, you irrelevantly attack the person or some aspect of the person who is making the argument.
-/

-- Entity Domain
variable {Entity : Type}

-- Key Entities from the text
variable (argument : Entity)
variable (topic : Entity)
variable (opponent_position : Entity)
variable (opponent_person : Entity)

-- Semantic Relations (Predicates)
variable (is_argument : Entity → Prop)
variable (is_opponent_position : Entity → Prop)
variable (is_opponent_person : Entity → Prop)
variable (attacks_person_instead_of_position : Entity → Entity → Prop)
variable (addresses_position : Entity → Entity → Prop)

-- Goal Proposition
variable (is_ad_hominem : Prop)

-- Fact Mapping from Context
-- The term ""doom-mongers"" attacks the proponents of a certain viewpoint.
-- There is an implicit argument or position (that the future is bleak or negative).

lemma fact_opponent_position_exists : is_opponent_position opponent_position := sorry
lemma fact_opponent_person_exists : is_opponent_person opponent_person := sorry
lemma fact_term_attacks_person : attacks_person_instead_of_position argument opponent_person := sorry
lemma fact_no_position_addressed : ¬addresses_position argument opponent_position := sorry

-- Rule: If an argument attacks a person instead of their position and does not address the position ⇒ ad hominem
theorem prove_ad_hominem
  (rule : ∀ arg pos per,
    (is_opponent_position pos ∧ 
     is_opponent_person per ∧
     attacks_person_instead_of_position arg per ∧
     ¬addresses_position arg pos) →
    is_ad_hominem)
  (fact1 : is_opponent_position opponent_position)
  (fact2 : is_opponent_person opponent_person)
  (fact3 : attacks_person_instead_of_position argument opponent_person)
  (fact4 : ¬addresses_position argument opponent_position)
  : is_ad_hominem :=
  rule argument opponent_position opponent_person ⟨fact1, fact2, fact3, fact4⟩","/-
  General template for Ad Hominem
  Rule Concept: Instead of addressing someone's argument or position, you irrelevantly attack the person or some aspect of the person who is making the argument.
-/

-- Entity Domain
variable {Entity : Type}

-- Key Entities from the text
variable (argument : Entity)
variable (topic : Entity)
variable (opponent_position : Entity)
variable (opponent_person : Entity)

-- Semantic Relations (Predicates)
variable (is_argument : Entity → Prop)
variable (is_opponent_position : Entity → Prop)
variable (is_opponent_person : Entity → Prop)
variable (attacks_person_instead_of_position : Entity → Entity → Prop)
variable (addresses_position : Entity → Entity → Prop)

-- Goal Proposition
variable (is_ad_hominem : Prop)

-- Rule: If an argument attacks a person instead of their position and does not address the position ⇒ ad hominem
theorem prove_ad_hominem
  (rule : ∀ arg pos per,
    (is_opponent_position pos ∧ 
     is_opponent_person per ∧
     attacks_person_instead_of_position arg per ∧
     ¬addresses_position arg pos) →
    is_ad_hominem)
  (fact1 : is_opponent_position opponent_position)
  (fact2 : is_opponent_person opponent_person)
  (fact3 : attacks_person_instead_of_position argument opponent_person)
  (fact4 : ¬addresses_position argument opponent_position)
  : is_ad_hominem :=
  rule argument opponent_position opponent_person ⟨fact1, fact2, fact3, fact4⟩","/-
  General template for Ad Hominem
  Rule Concept: Instead of addressing someone's argument or position, you irrelevantly attack the person or some aspect of the person who is making the argument.
-/

-- Entity Domain
variable {Entity : Type}

-- Key Entities from the text
variable (argument : Entity)
variable (topic : Entity)
variable (opponent_position : Entity)
variable (opponent_person : Entity)

-- Semantic Relations (Predicates)
variable (is_argument : Entity → Prop)
variable (is_opponent_position : Entity → Prop)
variable (is_opponent_person : Entity → Prop)
variable (attacks_person_instead_of_position : Entity → Entity → Prop)
variable (addresses_position : Entity → Entity → Prop)

-- Goal Proposition
variable (is_ad_hominem : Prop)

-- Rule: If an argument attacks a person instead of their position and does not address the position ⇒ ad hominem
theorem prove_ad_hominem
  (rule : ∀ arg pos per,
    (is_opponent_position pos ∧ 
     is_opponent_person per ∧
     attacks_person_instead_of_position arg per ∧
     ¬addresses_position arg pos) →
    is_ad_hominem)
  (fact1 : is_opponent_position opponent_position)
  (fact2 : is_opponent_person opponent_person)
  (fact3 : attacks_person_instead_of_position argument opponent_person)
  (fact4 : ¬addresses_position argument opponent_position)
  : is_ad_hominem :=
  rule argument opponent_position opponent_person ⟨fact1, fact2, fact3, fact4⟩",,no,one example retained for this model,Gemini 2.5 flash (NT),success_example
5,You can say this for bleeding-heart liberals : They certainly have a flair for the ironic .,gemini-flash-thinking,option_1,ad hominem,ad hominem,True,fail,pass,1,yes,"Invalid projection: Projections cannot be used on functions
Invalid projection: Projections cannot be used on functions
Invalid projection: Projections cannot be used on functions
Invalid projection: Projections cannot be used on functions","/-
  Rule Concept: An ad hominem fallacy occurs when an argument is rejected or discredited based on an irrelevant attack on the person making the argument, rather than addressing the substance of the argument itself. This can involve attacking their character, motives, or other personal attributes.
-/

-- Entity Domain
variable {Entity : Type}

-- Key Entities from the text
variable (speaker : Entity)
variable (target_group : Entity)
variable (derogatory_label : Entity)
variable (sarcastic_remark : Entity)
variable (potential_argument_or_position : Entity) -- Represents any potential argument from the group

-- Semantic Relations (Predicates)
variable (applies_derogatory_label : Entity → Entity → Prop)
variable (makes_sarcastic_comment : Entity → Entity → Prop)
variable (attacks_aspect_of_target : Entity → Entity → Prop)
variable (is_irrelevant_to_substance : Entity → Entity → Prop)

-- Goal Proposition
variable (is_ad_hominem : Prop)

-- Fact Mapping from Context
-- The speaker applies the derogatory label ""bleeding-heart liberals"" to the target group.
axiom fact_applies_derogatory_label : applies_derogatory_label speaker target_group
-- The speaker makes a sarcastic comment ""They certainly have a flair for the ironic"" about the target group.
axiom fact_makes_sarcastic_comment : makes_sarcastic_comment speaker target_group
-- Both the label and the comment attack an aspect of the target group (their perceived character/nature) rather than a specific argument.
axiom fact_attacks_aspect_of_target : attacks_aspect_of_target derogatory_label target_group ∧ attacks_aspect_of_target sarcastic_remark target_group
-- These attacks are irrelevant to the substance of any potential argument or position the target group might hold.
axiom fact_irrelevant_to_substance : is_irrelevant_to_substance (derogatory_label) potential_argument_or_position ∧ is_irrelevant_to_substance (sarcastic_remark) potential_argument_or_position

-- Rule: If a speaker applies derogatory labels and makes sarcastic comments that attack the target
-- rather than addressing substance, and these attacks are irrelevant to any argument, then it is ad hominem
theorem prove_ad_hominem
  (rule : ∀ s tg dl sr arg,
    (applies_derogatory_label s tg ∧ 
     makes_sarcastic_comment s tg ∧
     attacks_aspect_of_target dl tg ∧ 
     attacks_aspect_of_target sr tg ∧
     is_irrelevant_to_substance dl arg ∧ 
     is_irrelevant_to_substance sr arg) → 
    is_ad_hominem)
  : is_ad_hominem :=
  rule speaker target_group derogatory_label sarcastic_remark potential_argument_or_position
    ⟨fact_applies_derogatory_label, 
     fact_makes_sarcastic_comment, 
     fact_attacks_aspect_of_target.1, 
     fact_attacks_aspect_of_target.2,
     fact_irrelevant_to_substance.1, 
     fact_irrelevant_to_substance.2⟩","/-
  Rule Concept: An ad hominem fallacy occurs when an argument is rejected or discredited based on an irrelevant attack on the person making the argument, rather than addressing the substance of the argument itself. This can involve attacking their character, motives, or other personal attributes.
-/

-- Entity Domain
variable {Entity : Type}

-- Key Entities from the text
variable (speaker : Entity)
variable (target_group : Entity)
variable (derogatory_label : Entity)
variable (sarcastic_remark : Entity)
variable (potential_argument_or_position : Entity)

-- Semantic Relations (Predicates)
variable (applies_derogatory_label : Entity → Entity → Prop)
variable (makes_sarcastic_comment : Entity → Entity → Prop)
variable (attacks_aspect_of_target : Entity → Entity → Prop)
variable (is_irrelevant_to_substance : Entity → Entity → Prop)

-- Goal Proposition
variable (is_ad_hominem : Prop)

-- Rule: If a speaker applies derogatory labels and makes sarcastic comments that attack the target
-- rather than addressing substance, and these attacks are irrelevant to any argument, then it is ad hominem
theorem prove_ad_hominem
  (rule : ∀ s tg dl sr arg,
    (applies_derogatory_label s tg ∧ 
     makes_sarcastic_comment s tg ∧
     attacks_aspect_of_target dl tg ∧ 
     attacks_aspect_of_target sr tg ∧
     is_irrelevant_to_substance dl arg ∧ 
     is_irrelevant_to_substance sr arg) → 
    is_ad_hominem)
  (fact1 : applies_derogatory_label speaker target_group)
  (fact2 : makes_sarcastic_comment speaker target_group)
  (fact3 : attacks_aspect_of_target derogatory_label target_group)
  (fact4 : attacks_aspect_of_target sarcastic_remark target_group)
  (fact5 : is_irrelevant_to_substance derogatory_label potential_argument_or_position)
  (fact6 : is_irrelevant_to_substance sarcastic_remark potential_argument_or_position)
  : is_ad_hominem :=
  rule speaker target_group derogatory_label sarcastic_remark potential_argument_or_position
    ⟨fact1, fact2, fact3, fact4, fact5, fact6⟩","/-
  Rule Concept: An ad hominem fallacy occurs when an argument is rejected or discredited based on an irrelevant attack on the person making the argument, rather than addressing the substance of the argument itself. This can involve attacking their character, motives, or other personal attributes.
-/

-- Entity Domain
variable {Entity : Type}

-- Key Entities from the text
variable (speaker : Entity)
variable (target_group : Entity)
variable (derogatory_label : Entity)
variable (sarcastic_remark : Entity)
variable (potential_argument_or_position : Entity)

-- Semantic Relations (Predicates)
variable (applies_derogatory_label : Entity → Entity → Prop)
variable (makes_sarcastic_comment : Entity → Entity → Prop)
variable (attacks_aspect_of_target : Entity → Entity → Prop)
variable (is_irrelevant_to_substance : Entity → Entity → Prop)

-- Goal Proposition
variable (is_ad_hominem : Prop)

-- Rule: If a speaker applies derogatory labels and makes sarcastic comments that attack the target
-- rather than addressing substance, and these attacks are irrelevant to any argument, then it is ad hominem
theorem prove_ad_hominem
  (rule : ∀ s tg dl sr arg,
    (applies_derogatory_label s tg ∧ 
     makes_sarcastic_comment s tg ∧
     attacks_aspect_of_target dl tg ∧ 
     attacks_aspect_of_target sr tg ∧
     is_irrelevant_to_substance dl arg ∧ 
     is_irrelevant_to_substance sr arg) → 
    is_ad_hominem)
  (fact1 : applies_derogatory_label speaker target_group)
  (fact2 : makes_sarcastic_comment speaker target_group)
  (fact3 : attacks_aspect_of_target derogatory_label target_group)
  (fact4 : attacks_aspect_of_target sarcastic_remark target_group)
  (fact5 : is_irrelevant_to_substance derogatory_label potential_argument_or_position)
  (fact6 : is_irrelevant_to_substance sarcastic_remark potential_argument_or_position)
  : is_ad_hominem :=
  rule speaker target_group derogatory_label sarcastic_remark potential_argument_or_position
    ⟨fact1, fact2, fact3, fact4, fact5, fact6⟩",,no,one example retained for this model,Gemini 2.5 flash (T),success_example
21,"Another study revealed that , by 2100 , there will be 2 billion climate refugees – and several million of them will be migrating from Florida to places further inland .",moonshotai/kimi-k2-thinking,option_1,appeal to emotion,appeal to emotion,True,fail,pass,1,yes,"unexpected identifier; expected command
Function expected at
unexpected token ':'; expected command","Looking at this problem, I need to create a Lean4 formalization for the ""appeal to emotion"" fallacy. This fallacy occurs when an argument manipulates emotions rather than using logical reasoning.

Let me construct the complete Lean4 code following the pattern from the examples:


/-
  General template for Appeal to Emotion
  Rule Concept: If an argument primarily relies on emotional manipulation rather than logical reasoning ⇒ Appeal to Emotion fallacy
-/

-- Entity Domain
variable {Entity : Type}

-- Key Entities from the text
variable (argument : Entity)
variable (topic : Entity)

-- Semantic Relations (Predicates)
-- uses_emotional_manipulation a t: Argument a uses emotional manipulation regarding topic t
variable (uses_emotional_manipulation : Entity → Entity → Prop)
-- provides_logical_reasoning a t: Argument a provides logical reasoning for topic t
variable (provides_logical_reasoning : Entity → Entity → Prop)

-- Goal Proposition
variable (is_appeal_to_emotion : Prop)

-- Rule: If an argument uses emotional manipulation and lacks logical reasoning ⇒ appeal to emotion
theorem prove_appeal_to_emotion
  (rule : ∀ arg t,
    (uses_emotional_manipulation arg t ∧ ¬provides_logical_reasoning arg t) → is_appeal_to_emotion)
  (fact1 : uses_emotional_manipulation argument topic)
  (fact2 : ¬provides_logical_reasoning argument topic)
  : is_appeal_to_emotion :=
  rule argument topic ⟨fact1, fact2⟩


This formalization captures the essence of the appeal to emotion fallacy: an argument that manipulates emotions while lacking logical reasoning to support its claims.","/-
  General template for Appeal to Emotion
  Rule Concept: If an argument primarily relies on emotional manipulation rather than logical reasoning ⇒ Appeal to Emotion fallacy
-/

-- Entity Domain
variable {Entity : Type}

-- Key Entities from the text
variable (argument : Entity)
variable (topic : Entity)

-- Semantic Relations (Predicates)
-- uses_emotional_manipulation a t: Argument a uses emotional manipulation regarding topic t
variable (uses_emotional_manipulation : Entity → Entity → Prop)
-- provides_logical_reasoning a t: Argument a provides logical reasoning for topic t
variable (provides_logical_reasoning : Entity → Entity → Prop)

-- Goal Proposition
variable (is_appeal_to_emotion : Prop)

-- Rule: If an argument uses emotional manipulation and lacks logical reasoning ⇒ appeal to emotion
theorem prove_appeal_to_emotion
  (rule : ∀ arg t,
    (uses_emotional_manipulation arg t ∧ ¬provides_logical_reasoning arg t) → is_appeal_to_emotion)
  (fact1 : uses_emotional_manipulation argument topic)
  (fact2 : ¬provides_logical_reasoning argument topic)
  : is_appeal_to_emotion :=
  rule argument topic ⟨fact1, fact2⟩","/-
  General template for Appeal to Emotion
  Rule Concept: If an argument primarily relies on emotional manipulation rather than logical reasoning ⇒ Appeal to Emotion fallacy
-/

-- Entity Domain
variable {Entity : Type}

-- Key Entities from the text
variable (argument : Entity)
variable (topic : Entity)

-- Semantic Relations (Predicates)
-- uses_emotional_manipulation a t: Argument a uses emotional manipulation regarding topic t
variable (uses_emotional_manipulation : Entity → Entity → Prop)
-- provides_logical_reasoning a t: Argument a provides logical reasoning for topic t
variable (provides_logical_reasoning : Entity → Entity → Prop)

-- Goal Proposition
variable (is_appeal_to_emotion : Prop)

-- Rule: If an argument uses emotional manipulation and lacks logical reasoning ⇒ appeal to emotion
theorem prove_appeal_to_emotion
  (rule : ∀ arg t,
    (uses_emotional_manipulation arg t ∧ ¬provides_logical_reasoning arg t) → is_appeal_to_emotion)
  (fact1 : uses_emotional_manipulation argument topic)
  (fact2 : ¬provides_logical_reasoning argument topic)
  : is_appeal_to_emotion :=
  rule argument topic ⟨fact1, fact2⟩",,no,one example retained for this model,Kimi-k2 (T),success_example
2,"Unfortunately for the doom-mongers , we sceptics have just received some heavy fire-support from a neutral authority .",openai/gpt-oss-120b,option_2,ad hominem,ad hominem,True,fail,pass,1,yes,"temp_verify/tmppy2b9jix.lean:32:7: error(lean.unknownIdentifier): Unknown identifier `argument`
temp_verify/tmppy2b9jix.lean:32:16: error(lean.unknownIdentifier): Unknown identifier `person_or_group`
temp_verify/tmppy2b9jix.lean:32:32: error(lean.unknownIdentifier): Unknown identifier `topic`
temp_verify/tmppy2b9jix.lean:32:39: error(lean.unknownIdentifier): Unknown identifier `fact1`
temp_verify/tmppy2b9jix.lean:32:46: error(lean.unknownIdentifier): Unknown identifier `fact2`
temp_verify/tmppy2b9jix.lean:32:53: error(lean.unknownIdentifier): Unknown identifier `fact3`","/-
  General template for Ad Hominem
  Rule Concept: Attacking a person or group instead of addressing the substance of their argument.
-/

-- Entity Domain
variable {Entity : Type}

-- Key Entities from the text
variable (argument : Entity)
variable (topic : Entity)
variable (person_or_group : Entity)

-- Semantic Relations (Predicates)
variable (attacks_person : Entity → Entity → Prop) -- argument attacks a person/group
variable (addresses_substance : Entity → Entity → Prop) -- argument addresses the actual topic/claim
variable (made_by : Entity → Entity → Prop) -- topic/claim is made by person/group

-- Goal Proposition
variable (is_ad_hominem : Prop)

-- Fact Mapping from Context
variable (fact1 : attacks_person argument person_or_group)
variable (fact2 : made_by topic person_or_group)
variable (fact3 : ¬addresses_substance argument topic)

-- Rule: If an argument attacks the person/group instead of addressing the substance of their claim ⇒ ad hominem
theorem prove_ad_hominem
  (rule : ∀ arg per top,
    (attacks_person arg per ∧ made_by top per ∧ ¬addresses_substance arg top) → is_ad_hominem)
  : is_ad_hominem :=
  rule argument person_or_group topic ⟨fact1, fact2, fact3⟩","/-
  General template for Ad Hominem
  Rule Concept: Attacking a person or group instead of addressing the substance of their argument.
-/

-- Entity Domain
variable {Entity : Type}

-- Key Entities from the text
variable (argument : Entity)
variable (topic : Entity)
variable (person_or_group : Entity)

-- Semantic Relations (Predicates)
variable (attacks_person : Entity → Entity → Prop) -- argument attacks a person/group
variable (addresses_substance : Entity → Entity → Prop) -- argument addresses the actual topic/claim
variable (made_by : Entity → Entity → Prop) -- topic/claim is made by person/group

-- Goal Proposition
variable (is_ad_hominem : Prop)

-- Rule: If an argument attacks the person/group instead of addressing the substance of their claim ⇒ ad hominem
theorem prove_ad_hominem
  (rule : ∀ arg per top,
    (attacks_person arg per ∧ made_by top per ∧ ¬addresses_substance arg top) → is_ad_hominem)
  (fact1 : attacks_person argument person_or_group)
  (fact2 : made_by topic person_or_group)
  (fact3 : ¬addresses_substance argument topic)
  : is_ad_hominem :=
  rule argument person_or_group topic ⟨fact1, fact2, fact3⟩","/-
  General template for Ad Hominem
  Rule Concept: Attacking a person or group instead of addressing the substance of their argument.
-/

-- Entity Domain
variable {Entity : Type}

-- Key Entities from the text
variable (argument : Entity)
variable (topic : Entity)
variable (person_or_group : Entity)

-- Semantic Relations (Predicates)
variable (attacks_person : Entity → Entity → Prop) -- argument attacks a person/group
variable (addresses_substance : Entity → Entity → Prop) -- argument addresses the actual topic/claim
variable (made_by : Entity → Entity → Prop) -- topic/claim is made by person/group

-- Goal Proposition
variable (is_ad_hominem : Prop)

-- Rule: If an argument attacks the person/group instead of addressing the substance of their claim ⇒ ad hominem
theorem prove_ad_hominem
  (rule : ∀ arg per top,
    (attacks_person arg per ∧ made_by top per ∧ ¬addresses_substance arg top) → is_ad_hominem)
  (fact1 : attacks_person argument person_or_group)
  (fact2 : made_by topic person_or_group)
  (fact3 : ¬addresses_substance argument topic)
  : is_ad_hominem :=
  rule argument person_or_group topic ⟨fact1, fact2, fact3⟩",,no,one example retained for this model,GPT-oss-120b (T),success_example
22,"And since the biggest risk to humanity is poverty , if we allow policymakers to have their way , the resulting energy poverty will indeed cause the deaths of some of our children and grandchildren .",qwen/qwen3-235b-a22b-thinking-2507,option_3,appeal to emotion,appeal to emotion,True,fail,pass,1,yes,unexpected identifier; expected command,"Looking at this Appeal to Emotion fallacy, I need to formalize how emotional manipulation substitutes for logical evidence.


/-
  Rule Concept: Appeal to emotion manipulates the recipient's feelings to accept a conclusion without logical justification, substituting emotional response for evidence.
-/

-- Entity Domain
variable {Entity : Type}

-- Key Entities from the text
variable (argument : Entity)
variable (topic : Entity)

-- Semantic Relations (Predicates)
variable (emotional_trigger : Entity -> Prop)
variable (factual_claim : Entity -> Prop)
variable (manipulation_effect : Entity -> Prop)

-- Goal Proposition
variable (is_appeal_to_emotion : Prop)

-- Fact Mapping from Context
-- The phrase ""the deaths of some of our children and grandchildren"" evokes fear and familial distress.
-- This emotional language appears in place of evidence for the causal claim about energy poverty.
-- The argument relies on visceral reaction rather than logical support for the policy-deaths connection.

-- Rule: If an argument uses emotional triggers, makes factual claims without evidence, 
-- and achieves its effect through manipulation rather than logic ⇒ Appeal to Emotion
theorem prove_appeal_to_emotion
  (rule : ∀ arg t,
    (emotional_trigger arg ∧ factual_claim t ∧ manipulation_effect arg) → is_appeal_to_emotion)
  (fact1 : emotional_trigger argument)
  (fact2 : factual_claim topic)
  (fact3 : manipulation_effect argument)
  : is_appeal_to_emotion :=
  rule argument topic ⟨fact1, fact2, fact3⟩","/-
  Rule Concept: Appeal to emotion manipulates the recipient's feelings to accept a conclusion without logical justification, substituting emotional response for evidence.
-/

-- Entity Domain
variable {Entity : Type}

-- Key Entities from the text
variable (argument : Entity)
variable (topic : Entity)

-- Semantic Relations (Predicates)
variable (emotional_trigger : Entity → Prop)
variable (factual_claim : Entity → Prop)
variable (manipulation_effect : Entity → Prop)

-- Goal Proposition
variable (is_appeal_to_emotion : Prop)

-- Fact Mapping from Context
-- The phrase ""the deaths of some of our children and grandchildren"" evokes fear and familial distress.
-- This emotional language appears in place of evidence for the causal claim about energy poverty.
-- The argument relies on visceral reaction rather than logical support for the policy-deaths connection.

-- Rule: If an argument uses emotional triggers, makes factual claims without evidence, 
-- and achieves its effect through manipulation rather than logic ⇒ Appeal to Emotion
theorem prove_appeal_to_emotion
  (rule : ∀ arg t,
    (emotional_trigger arg ∧ factual_claim t ∧ manipulation_effect arg) → is_appeal_to_emotion)
  (fact1 : emotional_trigger argument)
  (fact2 : factual_claim topic)
  (fact3 : manipulation_effect argument)
  : is_appeal_to_emotion :=
  rule argument topic ⟨fact1, fact2, fact3⟩","/-
  Rule Concept: Appeal to emotion manipulates the recipient's feelings to accept a conclusion without logical justification, substituting emotional response for evidence.
-/

-- Entity Domain
variable {Entity : Type}

-- Key Entities from the text
variable (argument : Entity)
variable (topic : Entity)

-- Semantic Relations (Predicates)
variable (emotional_trigger : Entity → Prop)
variable (factual_claim : Entity → Prop)
variable (manipulation_effect : Entity → Prop)

-- Goal Proposition
variable (is_appeal_to_emotion : Prop)

-- Fact Mapping from Context
-- The phrase ""the deaths of some of our children and grandchildren"" evokes fear and familial distress.
-- This emotional language appears in place of evidence for the causal claim about energy poverty.
-- The argument relies on visceral reaction rather than logical support for the policy-deaths connection.

-- Rule: If an argument uses emotional triggers, makes factual claims without evidence, 
-- and achieves its effect through manipulation rather than logic ⇒ Appeal to Emotion
theorem prove_appeal_to_emotion
  (rule : ∀ arg t,
    (emotional_trigger arg ∧ factual_claim t ∧ manipulation_effect arg) → is_appeal_to_emotion)
  (fact1 : emotional_trigger argument)
  (fact2 : factual_claim topic)
  (fact3 : manipulation_effect argument)
  : is_appeal_to_emotion :=
  rule argument topic ⟨fact1, fact2, fact3⟩",,no,one example retained for this model,Qwen3 235B (T),success_example
